customer_id,customer_name
hCT0x9JiGXBQ,Libbey Oakman
PxA7fv9spyhx,Wally Labdon
g3nXeJkGI0Qw,Kaitlyn Lejeune
EOEsCQ6QlpIg,Matthaeus Francescozzi
mVz5LO2Vd6cL,Alasteir Kellett
UkqnhxmX7YMP,Hanna Vigars
85jiDiGSfhTu,Ward Delhay
gDdkaN8b9s1g,Garvin Shah
9Csx6oXlpLl1,Ebenezer Geill
gZTPKLPRnreg,Jacqui Ellingsworth
TDEBQrhIwApB,Elston Lambard
1k71TCYNFCzj,Levey Munns
IfWKDQHkjLDd,Mallorie Clemendet
kZ0rkJCJ6N5y,Shaylyn Pitkeathley
zsCKIdqYLV01,Ariella Codron
FrEvnEiMKGpr,Albertine Ashall
3zvaY9gUH9bO,Twila Tabourier
bUornDCZmRD4,Ewell Mushart
qEVfsXFU3er9,Lorraine Cuel
mPg90mQwmDOP,Cordelie Layzell
v6GelvnCrAk5,Jasmina Dutch
lZ0pUFQvjZNA,Jon Bartzen
ckZATUjYdFd3,Corbett Di Giacomo
GuxDt46GwQEd,Jojo Ovill
SPV4UclettEh,Kamillah Gass
GpdbWoJi61Qc,Flory Fitkin
KD8KlSTtIm3Z,Igor Hanlon
QU7yWUgfIpJX,Margalo Walster
rgjb3WchpjHg,Chiarra Blethyn
JyHhNu9cbCo1,Fredek Rate
Jw0zo2CWiEs7,Darice Brackley
MXiUFyGLUs2Z,Gerard Clutram
oiBrZODbJTvz,Marybelle Mungham
mcuPjOLRkNpR,Orran Caple
yOjH9Exn64WQ,Kellie Macura
yca6TkmY4yQm,Mirabella Acres
LooHWGt3K5gp,Albie Payze
oZqYD7eyV1EJ,Franzen Hought
0hj86xqZbYSV,Marlie Pendrid
l2wCGNSY1l3Z,Helenka Uttermare
ukZ709Rl8bdF,Lemmie Sanson
iFsAJRrzVaTS,Rochelle Brabham
tSG89uyaK6MS,Gene Pepper
Ex7BhwPvrGyQ,Roseanne Kime
f4Frm4WEvj1g,Rowe Jantzen
ORO4ADUB1jHd,Theo Rotter
jQ0u9oBPe3Mg,Jeth Haggith
0I8vL0BlM1p1,Barry Willans
JtX09eqY5lk3,Brew Tomik
sk3z82bQhZAO,Omero Gallimore
eSqRKROmKF9Y,Ulrick Gier
SNzA2roBQaGK,Hammad Smallcomb
IGPOK4wVaGbv,Shoshanna Andryushchenko
45WzrefbE0kB,Mady Rannells
dGD1MVag3snm,Abran Podmore
EI8c9beFpTSQ,Aridatha Weekley
YanexVtkhb2B,Violante Doudny
iaDXrhsLGSc6,Aluino Stannett
hWGGX7sEla9R,Jeannine Yellop
MNcdWG4E5iDb,Ellen Le Grice
7mxdMPX1ERJj,Gaylor Lewton
JJe2PPwxISzG,Bettine Noyes
cnalXbv8lRur,Claudine Downage
Vpl3DrXMAEhb,Heddi Jewks
cWwtMYBNlwy1,Helsa Twamley
bEh2OYyGVzcI,Hasty Derges
3JeAegsqlpZ1,Allx Frise
6gl6qALuNSUL,Brenden Byrde
rAV7gKaOWkEy,Iggy Stading
CiOHqzRk5bbt,Kerrill Axup
tIPFV5qJBgvT,Parker Barnewell
yD2x7GOSsjqA,Arty Kilday
a9gFQyCfrVym,Harald Rounsefull
dXsploeBzop3,Earle Gatsby
9tQzKeNKhIoQ,Marianna Duffill
TLYzpBJ3Cbnv,Lilias McFeate
J2bElQYq3gEQ,Rhett Harmstone
lFEdYUjKo6tu,Merna Vlasin
8tpStNEuJ43p,Brandais Allbones
qvo2fc2aRUvp,Piotr Yurkevich
pk1Ke0Nxac36,Clo Chinnock
UlqYPqEYgETA,Jobie Burchard
M7wmpVTfmiFp,Derward Chown
4YfVSBGWPVdv,Kalle Bastow
pqIfz7jRxaKh,Jedidiah Shearmur
5XGKxFrzDdYP,Jan Startin
oWBBqGwqpx4m,Nicko Matys
EeCs1w6JNdPU,Karoly Rama
hgHQgpZ9rVHu,Cletus Dislee
uvuFFZDOAlU7,Cahra Stiger
bVaqeOVzrNj1,Deeanne Saxelby
EZkjVsEKMQF0,Filia McIlory
LkYwWbX35V3p,Cassius Seagrove
paCiJAGDh54D,Torey De Gregoli
wuCRBXrAQIyN,Enrique Vogel
jsuJ85mr7Rlb,Moishe Hardington
7qqTmdyVGDMP,Ora Artis
ebCRKHmjYa2q,Rriocard Udale
ap5gXjoc79ju,Shaine Colenutt
63cb18M1Z31w,Trevor Duguid
cIIcBGeYxzLl,Gregg Zoephel
asn6Y9BiG6Ma,Jourdain Norres
MdXOdiX1GYJB,Davidson Huban
DFT8eetndqim,Dalton Franek
pfARTA1RWJhn,Abie O'Lynn
G7fLaaLEAieo,Evelin Clarkson
VOohNhPUdkDS,Perice Leethem
dvl5K6eo1ouv,Colly Martensen
Nxs89iJKBJ8Z,Wyndham Seiter
fo2DhPj0geOU,Hunt Isgate
ufG7Q9l2g5Dn,Lek Dulinty
uJZ6s76zSxtN,Raddie Aldcorne
gngo3QnJVUXB,Sylvester Brigge
HtPYXtaKFzex,Colene Dahlborg
xIjzSNbQQ1uw,Cate Drydale
3qJ5VThdsczu,Kizzie McSperrin
lZCaJq9iYKt0,Riane Rops
ncBjZzosb18g,Edgard Dedden
E1CIwdUAL7mV,Buckie Durand
QsVvy2vjoqJ2,Delaney Sturge
eWPTvp2Uxgjr,Phillipp Myner
SDjEL1DMM89j,Gal Brundale
A5ypt74Dm5ED,Lorettalorna Gabe
M8toooCMGG65,Julio Luard
YeToIjRZbK1b,Sarine Brew
zwFtWWaE2Ja8,Bernita Macari
Yu7y0eUjrMjF,Kelila Widdecombe
tvBnqB57rQrh,Luci Dallinder
EmOTT0NimdgC,Elvin MacPhail
3QWW2QATQoks,Bernardina Domanek
9U87V4FA6owh,Fran Kinsey
LGiyKX8bqvRl,Yank Conyer
JG5L1Y6huM3k,Geoffrey Bondesen
grsbZ5L1H5ty,Suzie Spriggin
ZLVSgLGIBt50,Thornton Barnfield
LFLEYmt3mGzI,Way Heers
26bdBz0weg9K,Aloise Rentoll
iWDrWao0rL2O,Neille Fishwick
6rX0opAYaf5O,Elvera Roloff
WnCydkx96ul3,Rora Hubbart
frNd2yIHhY1X,Alistair Stolli
5aMM3LwvZE6p,Karena Sigmund
5nowe7IWIlDi,Townsend Filyukov
nOJb8kxjeqMu,Austen Brame
qVYMpdAeuyNn,Gaylene Francescozzi
9QRPPukPDKtj,Chen Dey
ejNZQ7X7x2T3,Alysa Smullin
Aecwfm7Hmsal,Meaghan McMahon
tc4f86hhYwpB,Olva Wharrier
u1gplSGJr1m5,Rachelle Lavrinov
JOJJwXBnFMcH,Eolande Koche
txfGakDnlUkr,Shir Pavlov
Hv2CJ4UgONx7,Washington Strothers
aptoeeHlIxbP,Dom Waldock
Df666drgmPfx,Jarrad Haywood
DRJMerHUON15,Lon Barnes
7oijac5SpbW5,Clarabelle Tolchar
N9TistbY5amC,Camille Hutcheon
CWALhpNIASHI,Roddy Parres
jnoKHCWQzJID,Rina Facer
eKhyaqjCe7PA,Josephine Pirie
0XrxfhxhjXYE,Marrilee Blaase
yBX7ugjJOTSS,Kalindi Oakeby
oCaEiLxD6fHF,Gib Kinglesyd
I94cAhDO80TM,Pebrook Alesio
nyVwdmiDhhG6,Jaymee Cressingham
uQoGZ4NfZUsh,Peria Hymus
5dFJ3hGKYymc,Alaine Pantry
fvrCaNELssNc,Viole Greveson
g0UqYq0z41XR,Addie Caccavella
VBhPvelXEBtq,Mauricio Simnel
TSar8iKGBFdD,Aubine House
YsC9HcNGEOnJ,Agatha Bettridge
UXwfLujVOTVL,Alwin Tritten
sllkB0XGYrxT,Bonnie Brockton
OSFTagz8LUCX,Xymenes Gutman
IG0zdwpicn3n,Devondra Lantuff
gvNtQarZgOr8,Gerhard Willcocks
YeOwwF3fdWgu,Daron Leuchars
HTmirdxNO6w3,Meir Pallaske
ROKLVaGH8de0,Philippine Chape
vqxOoMq59uav,Daron Surgener
RoIfzwKM1yvo,Cozmo de Mullett
E1orXI8bLrNV,Ruby Waycott
FOHBkie5YOyT,Merlina Kerridge
e2pbPEjaeR6m,Sande Iacobetto
elCsLJhTBJtl,Reinwald Littledyke
rCX2RwzGubEQ,Guinevere Skeermor
xbIMznITKpTA,Bary Tavinor
BKYTz5VyeBBd,Elyse Rolling
abN6KF4qdL4n,Marieann Caston
Azn5ULeYYh8s,Harriet Ahrendsen
78uia3DgAfNK,Myles Prene
Py7WXu4L3Wmi,Wolfy Dumblton
CFLESwh13Z7B,Leeanne Kornacki
SaNj4MhzahVL,Ly Soars
qk3Ys1QXliaP,Charlean Eberz
4JEusie8wqjJ,Wait Pherps
NvTNauiH1qDG,Sioux Bierling
HFRFmaPKlKMJ,Delaney Fallows
